{
  "HTTP Request-1" : {
    "transaction" : "HTTP Request-1",
    "sampleCount" : 10,
    "errorCount" : 0,
    "errorPct" : 0.0,
    "meanResTime" : 621.8,
    "medianResTime" : 475.5,
    "minResTime" : 410.0,
    "maxResTime" : 1486.0,
    "pct1ResTime" : 1439.9,
    "pct2ResTime" : 1486.0,
    "pct3ResTime" : 1486.0,
    "throughput" : 1.131733816206428,
    "receivedKBytesPerSec" : 3.00263128112268,
    "sentKBytesPerSec" : 0.1425719358306926
  },
  "Total" : {
    "transaction" : "Total",
    "sampleCount" : 30,
    "errorCount" : 0,
    "errorPct" : 0.0,
    "meanResTime" : 578.5666666666667,
    "medianResTime" : 492.5,
    "minResTime" : 167.0,
    "maxResTime" : 2195.0,
    "pct1ResTime" : 1190.6000000000004,
    "pct2ResTime" : 1805.0499999999995,
    "pct3ResTime" : 2195.0,
    "throughput" : 3.1430068098480883,
    "receivedKBytesPerSec" : 6.766468046097433,
    "sentKBytesPerSec" : 0.527926925091671
  },
  "HTTP Request-0" : {
    "transaction" : "HTTP Request-0",
    "sampleCount" : 10,
    "errorCount" : 0,
    "errorPct" : 0.0,
    "meanResTime" : 245.3,
    "medianResTime" : 198.5,
    "minResTime" : 167.0,
    "maxResTime" : 705.0,
    "pct1ResTime" : 656.2000000000002,
    "pct2ResTime" : 705.0,
    "pct3ResTime" : 705.0,
    "throughput" : 1.098780353807274,
    "receivedKBytesPerSec" : 0.6330863366663003,
    "sentKBytesPerSec" : 0.13842057191517415
  },
  "HTTP Request" : {
    "transaction" : "HTTP Request",
    "sampleCount" : 10,
    "errorCount" : 0,
    "errorPct" : 0.0,
    "meanResTime" : 868.5999999999999,
    "medianResTime" : 667.5,
    "minResTime" : 578.0,
    "maxResTime" : 2195.0,
    "pct1ResTime" : 2096.4000000000005,
    "pct2ResTime" : 2195.0,
    "pct3ResTime" : 2195.0,
    "throughput" : 1.0476689366160294,
    "receivedKBytesPerSec" : 3.3832340230487166,
    "sentKBytesPerSec" : 0.2639634625458355
  }
}